{"RuleTriggered": 0, "Violations": 256, "Details": {"low_gpu_utilization": 628, "bottlenecks": {"1681998430.500354": {"GPUs": 1, "CPUs": 1}, "1681998431.000484": {"GPUs": 1, "CPUs": 1}, "1681998432.000342": {"GPUs": 1, "CPUs": 1}, "1681998432.500397": {"GPUs": 1, "CPUs": 1}, "1681998434.500321": {"GPUs": 1, "CPUs": 1}, "1681998435.500377": {"GPUs": 1, "CPUs": 1}, "1681998437.50034": {"GPUs": 1, "CPUs": 1}, "1681998441.000338": {"GPUs": 1, "CPUs": 1}, "1681998447.500333": {"GPUs": 1, "CPUs": 1}, "1681998450.500316": {"GPUs": 1, "CPUs": 1}, "1681998452.500387": {"GPUs": 1, "CPUs": 1}, "1681998454.000366": {"GPUs": 1, "CPUs": 1}, "1681998456.500332": {"GPUs": 1, "CPUs": 1}, "1681998461.000365": {"GPUs": 1, "CPUs": 1}, "1681998461.500365": {"GPUs": 1, "CPUs": 1}, "1681998462.500333": {"GPUs": 1, "CPUs": 1}, "1681998463.000357": {"GPUs": 1, "CPUs": 1}, "1681998464.000327": {"GPUs": 1, "CPUs": 1}, "1681998477.000341": {"GPUs": 1, "CPUs": 1}, "1681998482.500336": {"GPUs": 1, "CPUs": 1}, "1681998526.500345": {"GPUs": 1, "CPUs": 1}, "1681998527.000383": {"GPUs": 1, "CPUs": 1}, "1681998527.500354": {"GPUs": 1, "CPUs": 1}, "1681998553.500348": {"GPUs": 1, "CPUs": 1}, "1681998554.500337": {"GPUs": 1, "CPUs": 1}, "1681998555.000339": {"GPUs": 1, "CPUs": 1}, "1681998560.000299": {"GPUs": 1, "CPUs": 1}, "1681998560.500334": {"GPUs": 1, "CPUs": 1}, "1681998561.00034": {"GPUs": 1, "CPUs": 1}, "1681998562.000308": {"GPUs": 1, "CPUs": 1}, "1681998562.500332": {"GPUs": 1, "CPUs": 1}, "1681998563.000342": {"GPUs": 1, "CPUs": 1}, "1681998564.500355": {"GPUs": 1, "CPUs": 1}, "1681998565.500329": {"GPUs": 1, "CPUs": 1}, "1681998566.000353": {"GPUs": 1, "CPUs": 1}, "1681998566.500313": {"GPUs": 1, "CPUs": 1}, "1681998567.000344": {"GPUs": 1, "CPUs": 1}, "1681998567.500302": {"GPUs": 1, "CPUs": 1}, "1681998568.000362": {"GPUs": 1, "CPUs": 1}, "1681998568.500348": {"GPUs": 1, "CPUs": 1}, "1681998572.000328": {"GPUs": 1, "CPUs": 1}, "1681998578.500344": {"GPUs": 1, "CPUs": 1}, "1681998583.500348": {"GPUs": 1, "CPUs": 1}, "1681998589.000338": {"GPUs": 1, "CPUs": 1}, "1681998589.500357": {"GPUs": 1, "CPUs": 1}, "1681998593.50035": {"GPUs": 1, "CPUs": 1}, "1681998594.500372": {"GPUs": 1, "CPUs": 1}, "1681998598.000334": {"GPUs": 1, "CPUs": 1}, "1681998598.500311": {"GPUs": 1, "CPUs": 1}, "1681998602.500332": {"GPUs": 1, "CPUs": 1}, "1681998606.500337": {"GPUs": 1, "CPUs": 1}, "1681998607.000348": {"GPUs": 1, "CPUs": 1}, "1681998610.500356": {"GPUs": 1, "CPUs": 1}, "1681998611.00033": {"GPUs": 1, "CPUs": 1}, "1681998611.500326": {"GPUs": 1, "CPUs": 1}, "1681998615.000312": {"GPUs": 1, "CPUs": 1}, "1681998615.500338": {"GPUs": 1, "CPUs": 1}, "1681998616.000307": {"GPUs": 1, "CPUs": 1}, "1681998619.500353": {"GPUs": 1, "CPUs": 1}, "1681998620.000306": {"GPUs": 1, "CPUs": 1}, "1681998622.500301": {"GPUs": 1, "CPUs": 1}, "1681998623.500338": {"GPUs": 1, "CPUs": 1}, "1681998624.000304": {"GPUs": 1, "CPUs": 1}, "1681998624.500316": {"GPUs": 1, "CPUs": 1}, "1681998625.000377": {"GPUs": 1, "CPUs": 1}, "1681998626.00034": {"GPUs": 1, "CPUs": 1}, "1681998626.500348": {"GPUs": 1, "CPUs": 1}, "1681998627.000356": {"GPUs": 1, "CPUs": 1}, "1681998628.000337": {"GPUs": 1, "CPUs": 1}, "1681998629.000367": {"GPUs": 1, "CPUs": 1}, "1681998629.500301": {"GPUs": 1, "CPUs": 1}, "1681998630.000319": {"GPUs": 1, "CPUs": 1}, "1681998631.000305": {"GPUs": 1, "CPUs": 1}, "1681998631.500406": {"GPUs": 1, "CPUs": 1}, "1681998632.000357": {"GPUs": 1, "CPUs": 1}, "1681998632.500327": {"GPUs": 1, "CPUs": 1}, "1681998633.500361": {"GPUs": 1, "CPUs": 1}, "1681998634.000343": {"GPUs": 1, "CPUs": 1}, "1681998635.000345": {"GPUs": 1, "CPUs": 1}, "1681998635.500302": {"GPUs": 1, "CPUs": 1}, "1681998636.000319": {"GPUs": 1, "CPUs": 1}, "1681998637.000335": {"GPUs": 1, "CPUs": 1}, "1681998637.500359": {"GPUs": 1, "CPUs": 1}, "1681998638.500307": {"GPUs": 1, "CPUs": 1}, "1681998639.000302": {"GPUs": 1, "CPUs": 1}, "1681998640.000325": {"GPUs": 1, "CPUs": 1}, "1681998640.500322": {"GPUs": 1, "CPUs": 1}, "1681998641.500352": {"GPUs": 1, "CPUs": 1}, "1681998642.000325": {"GPUs": 1, "CPUs": 1}, "1681998643.000332": {"GPUs": 1, "CPUs": 1}, "1681998643.500325": {"GPUs": 1, "CPUs": 1}, "1681998644.000348": {"GPUs": 1, "CPUs": 1}, "1681998644.500308": {"GPUs": 1, "CPUs": 1}, "1681998645.500344": {"GPUs": 1, "CPUs": 1}, "1681998646.000336": {"GPUs": 1, "CPUs": 1}, "1681998646.500339": {"GPUs": 1, "CPUs": 1}, "1681998647.000334": {"GPUs": 1, "CPUs": 1}, "1681998647.500301": {"GPUs": 1, "CPUs": 1}, "1681998648.0003": {"GPUs": 1, "CPUs": 1}, "1681998648.500344": {"GPUs": 1, "CPUs": 1}, "1681998649.500333": {"GPUs": 1, "CPUs": 1}, "1681998650.500328": {"GPUs": 1, "CPUs": 1}, "1681998651.500327": {"GPUs": 1, "CPUs": 1}, "1681998652.50033": {"GPUs": 1, "CPUs": 1}, "1681998653.000303": {"GPUs": 1, "CPUs": 1}, "1681998653.500312": {"GPUs": 1, "CPUs": 1}, "1681998654.500322": {"GPUs": 1, "CPUs": 1}, "1681998655.000363": {"GPUs": 1, "CPUs": 1}, "1681998656.00034": {"GPUs": 1, "CPUs": 1}, "1681998656.500321": {"GPUs": 1, "CPUs": 1}, "1681998657.000344": {"GPUs": 1, "CPUs": 1}, "1681998658.000326": {"GPUs": 1, "CPUs": 1}, "1681998660.000302": {"GPUs": 1, "CPUs": 1}, "1681998660.500333": {"GPUs": 1, "CPUs": 1}, "1681998661.000331": {"GPUs": 1, "CPUs": 1}, "1681998661.500341": {"GPUs": 1, "CPUs": 1}, "1681998662.000377": {"GPUs": 1, "CPUs": 1}, "1681998662.500293": {"GPUs": 1, "CPUs": 1}, "1681998663.000345": {"GPUs": 1, "CPUs": 1}, "1681998663.500334": {"GPUs": 1, "CPUs": 1}, "1681998664.000338": {"GPUs": 1, "CPUs": 1}, "1681998664.500306": {"GPUs": 1, "CPUs": 1}, "1681998665.500326": {"GPUs": 1, "CPUs": 1}, "1681998666.000316": {"GPUs": 1, "CPUs": 1}, "1681998666.500332": {"GPUs": 1, "CPUs": 1}, "1681998667.50033": {"GPUs": 1, "CPUs": 1}, "1681998668.500343": {"GPUs": 1, "CPUs": 1}, "1681998669.000338": {"GPUs": 1, "CPUs": 1}, "1681998670.000367": {"GPUs": 1, "CPUs": 1}, "1681998671.000321": {"GPUs": 1, "CPUs": 1}, "1681998671.500383": {"GPUs": 1, "CPUs": 1}, "1681998672.500346": {"GPUs": 1, "CPUs": 1}, "1681998674.000343": {"GPUs": 1, "CPUs": 1}, "1681998675.000303": {"GPUs": 1, "CPUs": 1}, "1681998676.00033": {"GPUs": 1, "CPUs": 2}, "1681998676.500344": {"GPUs": 1, "CPUs": 2}, "1681998677.500337": {"GPUs": 1, "CPUs": 2}, "1681998678.000321": {"GPUs": 1, "CPUs": 2}, "1681998678.500377": {"GPUs": 1, "CPUs": 2}, "1681998679.000326": {"GPUs": 1, "CPUs": 2}, "1681998679.500353": {"GPUs": 1, "CPUs": 2}, "1681998680.000335": {"GPUs": 1, "CPUs": 2}, "1681998680.500338": {"GPUs": 1, "CPUs": 2}, "1681998681.00033": {"GPUs": 1, "CPUs": 2}, "1681998682.000334": {"GPUs": 1, "CPUs": 1}, "1681998682.500357": {"GPUs": 1, "CPUs": 1}, "1681998683.000302": {"GPUs": 1, "CPUs": 1}, "1681998683.500333": {"GPUs": 1, "CPUs": 1}, "1681998684.500336": {"GPUs": 1, "CPUs": 1}, "1681998685.000371": {"GPUs": 1, "CPUs": 1}, "1681998685.500365": {"GPUs": 1, "CPUs": 1}, "1681998686.00034": {"GPUs": 1, "CPUs": 1}, "1681998686.500335": {"GPUs": 1, "CPUs": 1}, "1681998687.500299": {"GPUs": 1, "CPUs": 1}, "1681998688.000315": {"GPUs": 1, "CPUs": 1}, "1681998688.50036": {"GPUs": 1, "CPUs": 1}, "1681998689.500328": {"GPUs": 1, "CPUs": 1}, "1681998690.500326": {"GPUs": 1, "CPUs": 1}, "1681998691.000341": {"GPUs": 1, "CPUs": 1}, "1681998691.500337": {"GPUs": 1, "CPUs": 1}, "1681998692.000316": {"GPUs": 1, "CPUs": 1}, "1681998692.500327": {"GPUs": 1, "CPUs": 1}, "1681998693.000322": {"GPUs": 1, "CPUs": 1}, "1681998694.500342": {"GPUs": 1, "CPUs": 1}, "1681998695.500382": {"GPUs": 1, "CPUs": 1}, "1681998696.00034": {"GPUs": 1, "CPUs": 1}, "1681998696.500321": {"GPUs": 1, "CPUs": 1}, "1681998697.000337": {"GPUs": 1, "CPUs": 1}, "1681998697.500337": {"GPUs": 1, "CPUs": 1}, "1681998698.000316": {"GPUs": 1, "CPUs": 1}, "1681998698.500326": {"GPUs": 1, "CPUs": 1}, "1681998699.000344": {"GPUs": 1, "CPUs": 1}, "1681998700.000356": {"GPUs": 1, "CPUs": 1}, "1681998700.500314": {"GPUs": 1, "CPUs": 1}, "1681998701.500334": {"GPUs": 1, "CPUs": 1}, "1681998703.000362": {"GPUs": 1, "CPUs": 1},