{"RuleTriggered": 0, "Violations": 13, "Details": {"low_gpu_utilization": 628, "bottlenecks": {"1681998541.500321": {"GPUs": 1, "CPUs": 1}, "1681998551.000303": {"GPUs": 1, "CPUs": 1}, "1681998551.500343": {"GPUs": 1, "CPUs": 1}, "1681998553.500348": {"GPUs": 1, "CPUs": 1}, "1681998554.000324": {"GPUs": 1, "CPUs": 1}, "1681998554.500337": {"GPUs": 1, "CPUs": 1}, "1681998555.000339": {"GPUs": 1, "CPUs": 1}, "1681998558.500301": {"GPUs": 1, "CPUs": 1}, "1681998587.000369": {"GPUs": 1, "CPUs": 1}, "1681998589.500357": {"GPUs": 1, "CPUs": 1}, "1681998714.500339": {"GPUs": 1, "CPUs": 1}, "1681998715.000338": {"GPUs": 1, "CPUs": 1}, "1681998726.500341": {"GPUs": 1, "CPUs": 1}}}, "Datapoints": 709, "RuleParameters": "threshold:50\nio_threshold:50\ngpu_threshold:10\npatience:1000"}