{"RuleTriggered": 0, "Violations": 0, "Details": {"step_num": {"first": 1681998567151168, "last": 1681998779255260}, "job_start": 1681998426.000233, "job_end": 1681998779.500644}, "Datapoints": 181, "RuleParameters": "threshold:20"}