{"RuleTriggered": 0, "Violations": 0, "Details": {"ratio": {"gpu_functions-dev:0": 53.1156068845859, "cpu_functions": 46.8843931154141}, "phase": {"Step:ModeKeys.TRAIN": 38.37837474417316, "others": 54.64866089187343, "Step:ModeKeys.EVAL": 6.972964363953412}, "phase_time": {}, "CPU": {"conv2d": 15.041023495565376, "convolution": 14.963950294979119, "_convolution": 14.90081878001002, "cudnn_convolution": 14.450619942570759, "to": 20.174098654610212, "copy_": 20.469488832264506}, "CPU_total": {"conv2d": 1317279, "convolution": 1310529, "_convolution": 1305000, "cudnn_convolution": 1265572, "to": 1766829, "copy_": 1792699}, "GPU": {"conv2d": 16.08687939747787, "convolution": 16.05113793753682, "_convolution": 16.016717976399047, "cudnn_convolution": 15.733764751865728, "to": 17.913688847007542, "copy_": 18.197811089712996}, "GPU_total": {"conv2d": 1582517, "convolution": 1579001, "_convolution": 1575615, "cudnn_convolution": 1547780, "to": 1762226, "copy_": 1790176}, "general": {"Forward": 100.0}}, "Datapoints": 0, "RuleParameters": ""}