{"RuleTriggered": 0, "Violations": 0, "Details": {"step_details": {"algo-1-27": {"step_stats": {"mean": 0.31310096407185634, "max": 10.547159, "p99": 3.8975304400000015, "p95": 3.3371467, "p50": 0.027882, "min": 0.026756}, "number_of_outliers": 2, "phase": "Step:ModeKeys.TRAIN", "stddev": 1.16, "probs": [155, 0, 0, 0, 0, 0, 0, 0, 0, 0, 0, 0, 0, 0, 0, 0, 0, 0, 0, 0, 0, 0, 0, 0, 0, 0, 0, 0, 0, 0, 0, 0, 0, 0, 0, 0, 0, 0, 0, 0, 0, 0, 0, 0, 0, 0, 0, 0, 1, 0, 0, 0, 0, 0, 0, 0, 0, 0, 0, 0, 0, 0, 0, 0, 0, 0, 0, 0, 0, 0, 0, 0, 0, 0, 0, 0, 0, 0, 0, 0, 0, 0, 0, 0, 0, 0, 0, 2, 3, 0, 1, 0, 0, 0, 0, 0, 0, 0, 1, 2], "binedges": [0.026756, 0.06431143, 0.10186686, 0.13942229, 0.17697772, 0.21453315, 0.25208858, 0.28964401, 0.32719944, 0.36475487, 0.4023103, 0.43986573, 0.47742116, 0.51497659, 0.55253202, 0.59008745, 0.62764288, 0.6651983100000001, 0.70275374, 0.74030917, 0.7778646, 0.8154200300000001, 0.85297546, 0.89053089, 0.92808632, 0.9656417500000001, 1.00319718, 1.04075261, 1.07830804, 1.11586347, 1.1534189, 1.19097433, 1.22852976, 1.26608519, 1.3036406200000001, 1.34119605, 1.37875148, 1.41630691, 1.45386234, 1.49141777, 1.5289732, 1.56652863, 1.6040840600000001, 1.64163949, 1.67919492, 1.71675035, 1.75430578, 1.79186121, 1.82941664, 1.86697207, 1.9045275000000002, 1.94208293, 1.97963836, 2.01719379, 2.0547492199999997, 2.09230465, 2.12986008, 2.1674155099999997, 2.20497094, 2.2425263699999998, 2.2800817999999996, 2.31763723, 2.3551926599999997, 2.39274809, 2.43030352, 2.4678589499999997, 2.50541438, 2.5429698099999998, 2.58052524, 2.61808067, 2.6556360999999997, 2.69319153, 2.73074696, 2.7683023899999997, 2.80585782, 2.84341325, 2.8809686799999996, 2.91852411, 2.9560795399999997, 2.99363497, 3.0311904, 3.0687458299999997, 3.10630126, 3.14385669, 3.18141212, 3.21896755, 3.2565229799999997, 3.29407841, 3.33163384, 3.3691892699999997, 3.4067447, 3.44430013, 3.4818555599999996, 3.51941099, 3.5569664199999997, 3.59452185, 3.63207728, 3.6696327099999997, 3.70718814, 3.74474357, 3.782299], "step_numbers": ["0", "1"]}}}, "Datapoints": 181, "RuleParameters": "threshold:3\nmode:None\nn_outliers:10\nstddev:3"}